"sample_id","replicate_id","case_id","method","method_class","HFR_ohm","HFR_uncertainty_ohm","selected_point_count","selected_original_rows","frequency_min_Hz","frequency_max_Hz","intercept_model","residual_metric","high_frequency_coverage_status","inductive_artifact_status","duplicate_frequency_status","fit_quality_status","status","failure_reason","source_file","equivalent_circuit","fitting_software","fit_file","Rs_ohm","Rs_standard_error_ohm","fit_quality_metric","fit_quality_value","source_reference","contract_status","notes","detail"
"S_C001","R1","C001","FIRST_POINT_DIAGNOSTIC","LAB_SCREENING_HEURISTIC","2","","1","2","1000000","1000000","FIRST_NORMALIZED_POINT","","NOT_ASSESSED","NOT_ASSESSED","NOT_ASSESSED","NOT_APPLICABLE","DIAGNOSTIC_ONLY_NOT_HFR","","tests/fixtures/M03A_2/C001_pure_resistor.csv","","","","","","","","","","","screening only; never an HFR estimator"
"S_C001","R1","C001","HIGH_FREQUENCY_INTERCEPT","HFR_ESTIMATOR","2","0","41","2;3;4;5;6;7;8;9;10;11;12;13;14;15;16;17;18;19;20;21;22;23;24;25;26;27;28;29;30;31;32;33;34;35;36;37;38;39;40;41;42","0.10000000000000001","1000000","RESISTIVE_LEVEL","0","PASS","NONE","NONE","PASS","PASS","","tests/fixtures/M03A_2/C001_pure_resistor.csv","","","","","","","","","","","resistive real-axis level"
"S_C002","R1","C002","FIRST_POINT_DIAGNOSTIC","LAB_SCREENING_HEURISTIC","2.0000000031662868","","1","2","1000000","1000000","FIRST_NORMALIZED_POINT","","NOT_ASSESSED","NOT_ASSESSED","NOT_ASSESSED","NOT_APPLICABLE","DIAGNOSTIC_ONLY_NOT_HFR","","tests/fixtures/M03A_2/C002_ideal_randles_noise_free.csv","","","","","","","","","","","screening only; never an HFR estimator"
"S_C002","R1","C002","HIGH_FREQUENCY_INTERCEPT","HFR_ESTIMATOR","1.9999999999999969","4.7525426742744206E-16","61","2;3;4;5;6;7;8;9;10;11;12;13;14;15;16;17;18;19;20;21;22;23;24;25;26;27;28;29;30;31;32;33;34;35;36;37;38;39;40;41;42;43;44;45;46;47;48;49;50;51;52;53;54;55;56;57;58;59;60;61;62","0.10000000000000001","1000000","FULL_ARC_CIRCLE_LEFT_REAL_INTERCEPT","9.2796362203710858E-16","PASS","NONE","NONE","PASS","PASS","","tests/fixtures/M03A_2/C002_ideal_randles_noise_free.csv","","","","","","","","","","","full-arc circle model; complete-semicircle assumption is explicit"
"S_C003","R1","C003","FIRST_POINT_DIAGNOSTIC","LAB_SCREENING_HEURISTIC","2.0012406997580396","","1","2","1000000","1000000","FIRST_NORMALIZED_POINT","","NOT_ASSESSED","NOT_ASSESSED","NOT_ASSESSED","NOT_APPLICABLE","DIAGNOSTIC_ONLY_NOT_HFR","","tests/fixtures/M03A_2/C003_ideal_randles_fixed_seed_noise.csv","","","","","","","","","","","screening only; never an HFR estimator"
"S_C003","R1","C003","HIGH_FREQUENCY_INTERCEPT","HFR_ESTIMATOR","1.9993581548242476","0.00060777051825890377","58","2;3;4;5;6;8;10;11;12;14;15;16;17;18;19;20;21;22;23;24;25;26;27;28;29;30;31;32;33;34;35;36;37;38;39;40;41;42;43;44;45;46;47;48;49;50;51;52;53;54;55;56;57;58;59;60;61;62","0.10000000000000001","1000000","FULL_ARC_CIRCLE_LEFT_REAL_INTERCEPT","0.0011573733903038987","PASS","NONE","NONE","PASS","PASS","","tests/fixtures/M03A_2/C003_ideal_randles_fixed_seed_noise.csv","","","","","","","","","","","full-arc circle model; complete-semicircle assumption is explicit"
"S_C004","R1","C004","FIRST_POINT_DIAGNOSTIC","LAB_SCREENING_HEURISTIC","1.5009305105316391","","1","2","1000000","1000000","FIRST_NORMALIZED_POINT","","NOT_ASSESSED","NOT_ASSESSED","NOT_ASSESSED","NOT_APPLICABLE","DIAGNOSTIC_ONLY_NOT_HFR","","tests/fixtures/M03A_2/C004_rs_rct_cpe.csv","","","","","","","","","","","screening only; never an HFR estimator"
"S_C004","R1","C004","HIGH_FREQUENCY_INTERCEPT","HFR_ESTIMATOR","1.3759557156879669","1.10832605435455E-15","61","2;3;4;5;6;7;8;9;10;11;12;13;14;15;16;17;18;19;20;21;22;23;24;25;26;27;28;29;30;31;32;33;34;35;36;37;38;39;40;41;42;43;44;45;46;47;48;49;50;51;52;53;54;55;56;57;58;59;60;61;62","0.10000000000000001","1000000","FULL_ARC_CIRCLE_LEFT_REAL_INTERCEPT","2.7708644369385947E-15","PASS","NONE","NONE","PASS","METHOD_DEPENDENT_PROVISIONAL","","tests/fixtures/M03A_2/C004_rs_rct_cpe.csv","","","","","","","","","","","full-arc circle model; complete-semicircle assumption is explicit"
"S_C005","R1","C005","FIRST_POINT_DIAGNOSTIC","LAB_SCREENING_HEURISTIC","2.0031650343129526","","1","2","1000","1000","FIRST_NORMALIZED_POINT","","NOT_ASSESSED","NOT_ASSESSED","NOT_ASSESSED","NOT_APPLICABLE","DIAGNOSTIC_ONLY_NOT_HFR","","tests/fixtures/M03A_2/C005_insufficient_hf.csv","","","","","","","","","","","screening only; never an HFR estimator"
"S_C005","R1","C005","HIGH_FREQUENCY_INTERCEPT","HFR_ESTIMATOR","","","8","2;3;4;5;6;7;8;9","116.59144011798311","1000","NONE","2.0213987657095184E-15","BLOCKED_INSUFFICIENT_HIGH_FREQUENCY_COVERAGE","NONE","NONE","PASS","BLOCKED_INSUFFICIENT_HIGH_FREQUENCY_COVERAGE","candidate=highest frequency decade; points=8; span=8.576958985908945; min_abs_Zimag=0.15909197673490011; axis_tolerance=0.041236386012022903; no rows silently deleted","tests/fixtures/M03A_2/C005_insufficient_hf.csv","","","","","","","","","","","candidate rows are only the declared highest-frequency decade"
"S_C006","R1","C006","FIRST_POINT_DIAGNOSTIC","LAB_SCREENING_HEURISTIC","2.0000000031662868","","1","2","1000000","1000000","FIRST_NORMALIZED_POINT","","NOT_ASSESSED","NOT_ASSESSED","NOT_ASSESSED","NOT_APPLICABLE","DIAGNOSTIC_ONLY_NOT_HFR","","tests/fixtures/M03A_2/C006_hf_inductive.csv","","","","","","","","","","","screening only; never an HFR estimator"
"S_C006","R1","C006","HIGH_FREQUENCY_INTERCEPT","HFR_ESTIMATOR","1.9999999999999956","5.5263495860816317E-16","58","5;6;7;8;9;10;11;12;13;14;15;16;17;18;19;20;21;22;23;24;25;26;27;28;29;30;31;32;33;34;35;36;37;38;39;40;41;42;43;44;45;46;47;48;49;50;51;52;53;54;55;56;57;58;59;60;61;62","0.10000000000000001","446683.59215096349","FULL_ARC_CIRCLE_LEFT_REAL_INTERCEPT","1.0521856137820657E-15","PASS","WARNING_HIGH_FREQUENCY_INDUCTIVE_ARTIFACT","NONE","PASS","WARNING_HIGH_FREQUENCY_INDUCTIVE_ARTIFACT","","tests/fixtures/M03A_2/C006_hf_inductive.csv","","","","","","","","","","","full-arc circle model; complete-semicircle assumption is explicit"
"S_C007","R1","C007","FIRST_POINT_DIAGNOSTIC","LAB_SCREENING_HEURISTIC","2.0000000031662868","","1","2","1000000","1000000","FIRST_NORMALIZED_POINT","","NOT_ASSESSED","NOT_ASSESSED","NOT_ASSESSED","NOT_APPLICABLE","DIAGNOSTIC_ONLY_NOT_HFR","","tests/fixtures/M03A_2/C007_duplicate_frequency.csv","","","","","","","","","","","screening only; never an HFR estimator"
"S_C007","R1","C007","HIGH_FREQUENCY_INTERCEPT","HFR_ESTIMATOR","1.9999999999999987","3.0522509644723502E-16","62","2;3;4;5;6;7;8;9;10;11;12;13;14;15;16;17;18;19;20;21;22;23;24;25;26;27;28;29;30;31;32;33;34;35;36;37;38;39;40;41;42;43;44;45;46;47;48;49;50;51;52;53;54;55;56;57;58;59;60;61;62;63","0.10000000000000001","1000000","FULL_ARC_CIRCLE_LEFT_REAL_INTERCEPT","6.0083620319288593E-16","PASS","NONE","WARNING_DUPLICATE_FREQUENCY","PASS","WARNING_DUPLICATE_FREQUENCY","","tests/fixtures/M03A_2/C007_duplicate_frequency.csv","","","","","","","","","","","full-arc circle model; complete-semicircle assumption is explicit"
"S_C008","R1","C008","FIRST_POINT_DIAGNOSTIC","LAB_SCREENING_HEURISTIC","","","0","","","","NONE","","NOT_ASSESSED","NOT_ASSESSED","NOT_ASSESSED","NOT_ASSESSED","BLOCKED_INVALID_NUMERIC_DATA","1 invalid row(s); entire case blocked","tests/fixtures/M03A_2/C008_invalid_nan.csv","","","","","","","","","","","input blocked before estimation"
"S_C008","R1","C008","HIGH_FREQUENCY_INTERCEPT","HFR_ESTIMATOR","","","0","","","","NONE","","NOT_ASSESSED","NOT_ASSESSED","NOT_ASSESSED","NOT_ASSESSED","BLOCKED_INVALID_NUMERIC_DATA","1 invalid row(s); entire case blocked","tests/fixtures/M03A_2/C008_invalid_nan.csv","","","","","","","","","","","input blocked before estimation"
"S_C009","R1","C009","FIRST_POINT_DIAGNOSTIC","LAB_SCREENING_HEURISTIC","","","0","","","","NONE","","NOT_ASSESSED","NOT_ASSESSED","NOT_ASSESSED","NOT_ASSESSED","BLOCKED_INVALID_NUMERIC_DATA","1 invalid row(s); entire case blocked","tests/fixtures/M03A_2/C009_invalid_inf.csv","","","","","","","","","","","input blocked before estimation"
"S_C009","R1","C009","HIGH_FREQUENCY_INTERCEPT","HFR_ESTIMATOR","","","0","","","","NONE","","NOT_ASSESSED","NOT_ASSESSED","NOT_ASSESSED","NOT_ASSESSED","BLOCKED_INVALID_NUMERIC_DATA","1 invalid row(s); entire case blocked","tests/fixtures/M03A_2/C009_invalid_inf.csv","","","","","","","","","","","input blocked before estimation"
"S_C010","R1","C010","FIRST_POINT_DIAGNOSTIC","LAB_SCREENING_HEURISTIC","","","0","","","","NONE","","NOT_ASSESSED","NOT_ASSESSED","NOT_ASSESSED","NOT_ASSESSED","BLOCKED_INVALID_NUMERIC_DATA","1 invalid row(s); entire case blocked","tests/fixtures/M03A_2/C010_invalid_empty.csv","","","","","","","","","","","input blocked before estimation"
"S_C010","R1","C010","HIGH_FREQUENCY_INTERCEPT","HFR_ESTIMATOR","","","0","","","","NONE","","NOT_ASSESSED","NOT_ASSESSED","NOT_ASSESSED","NOT_ASSESSED","BLOCKED_INVALID_NUMERIC_DATA","1 invalid row(s); entire case blocked","tests/fixtures/M03A_2/C010_invalid_empty.csv","","","","","","","","","","","input blocked before estimation"
"S_C011","R1","C011","FIRST_POINT_DIAGNOSTIC","LAB_SCREENING_HEURISTIC","","","0","","","","NONE","","NOT_ASSESSED","NOT_ASSESSED","NOT_ASSESSED","NOT_ASSESSED","BLOCKED_INVALID_NUMERIC_DATA","1 invalid row(s); entire case blocked","tests/fixtures/M03A_2/C011_invalid_string.csv","","","","","","","","","","","input blocked before estimation"
"S_C011","R1","C011","HIGH_FREQUENCY_INTERCEPT","HFR_ESTIMATOR","","","0","","","","NONE","","NOT_ASSESSED","NOT_ASSESSED","NOT_ASSESSED","NOT_ASSESSED","BLOCKED_INVALID_NUMERIC_DATA","1 invalid row(s); entire case blocked","tests/fixtures/M03A_2/C011_invalid_string.csv","","","","","","","","","","","input blocked before estimation"
"S_C012","R1","C012","FIRST_POINT_DIAGNOSTIC","LAB_SCREENING_HEURISTIC","2.0000000031662868","","1","32","1000000","1000000","FIRST_NORMALIZED_POINT","","NOT_ASSESSED","NOT_ASSESSED","NOT_ASSESSED","NOT_APPLICABLE","DIAGNOSTIC_ONLY_NOT_HFR","","tests/fixtures/M03A_2/C012_unsorted_frequency.csv","","","","","","","","","","","screening only; never an HFR estimator"
"S_C012","R1","C012","HIGH_FREQUENCY_INTERCEPT","HFR_ESTIMATOR","1.9999999999999969","4.7525426742744206E-16","61","32;2;33;3;34;4;35;5;36;6;37;7;38;8;39;9;40;10;41;11;42;12;43;13;44;14;45;15;46;16;47;17;48;18;49;19;50;20;51;21;52;22;53;23;54;24;55;25;56;26;57;27;58;28;59;29;60;30;61;31;62","0.10000000000000001","1000000","FULL_ARC_CIRCLE_LEFT_REAL_INTERCEPT","9.2796362203710858E-16","PASS","NONE","NONE","PASS","PASS","","tests/fixtures/M03A_2/C012_unsorted_frequency.csv","","","","","","","","","","","full-arc circle model; complete-semicircle assumption is explicit"
"S_AGREE","R1","C013","FIRST_POINT_DIAGNOSTIC","LAB_SCREENING_HEURISTIC","2.0000000031662868","","1","2","1000000","1000000","FIRST_NORMALIZED_POINT","","NOT_ASSESSED","NOT_ASSESSED","NOT_ASSESSED","NOT_APPLICABLE","DIAGNOSTIC_ONLY_NOT_HFR","","tests/fixtures/M03A_2/C013_replicate_agree_1.csv","","","","","","","","","","","screening only; never an HFR estimator"
"S_AGREE","R1","C013","HIGH_FREQUENCY_INTERCEPT","HFR_ESTIMATOR","1.9999999999999969","4.7525426742744206E-16","61","2;3;4;5;6;7;8;9;10;11;12;13;14;15;16;17;18;19;20;21;22;23;24;25;26;27;28;29;30;31;32;33;34;35;36;37;38;39;40;41;42;43;44;45;46;47;48;49;50;51;52;53;54;55;56;57;58;59;60;61;62","0.10000000000000001","1000000","FULL_ARC_CIRCLE_LEFT_REAL_INTERCEPT","9.2796362203710858E-16","PASS","NONE","NONE","PASS","PASS","","tests/fixtures/M03A_2/C013_replicate_agree_1.csv","","","","","","","","","","","full-arc circle model; complete-semicircle assumption is explicit"
"S_AGREE","R2","C014","FIRST_POINT_DIAGNOSTIC","LAB_SCREENING_HEURISTIC","2.0200000031662868","","1","2","1000000","1000000","FIRST_NORMALIZED_POINT","","NOT_ASSESSED","NOT_ASSESSED","NOT_ASSESSED","NOT_APPLICABLE","DIAGNOSTIC_ONLY_NOT_HFR","","tests/fixtures/M03A_2/C014_replicate_agree_2.csv","","","","","","","","","","","screening only; never an HFR estimator"
"S_AGREE","R2","C014","HIGH_FREQUENCY_INTERCEPT","HFR_ESTIMATOR","2.0200000000000036","3.428700862789664E-16","61","2;3;4;5;6;7;8;9;10;11;12;13;14;15;16;17;18;19;20;21;22;23;24;25;26;27;28;29;30;31;32;33;34;35;36;37;38;39;40;41;42;43;44;45;46;47;48;49;50;51;52;53;54;55;56;57;58;59;60;61;62","0.10000000000000001","1000000","FULL_ARC_CIRCLE_LEFT_REAL_INTERCEPT","6.6947524505959613E-16","PASS","NONE","NONE","PASS","PASS","","tests/fixtures/M03A_2/C014_replicate_agree_2.csv","","","","","","","","","","","full-arc circle model; complete-semicircle assumption is explicit"
"S_DISAGREE","R1","C015","FIRST_POINT_DIAGNOSTIC","LAB_SCREENING_HEURISTIC","2.0000000031662868","","1","2","1000000","1000000","FIRST_NORMALIZED_POINT","","NOT_ASSESSED","NOT_ASSESSED","NOT_ASSESSED","NOT_APPLICABLE","DIAGNOSTIC_ONLY_NOT_HFR","","tests/fixtures/M03A_2/C015_replicate_disagree_1.csv","","","","","","","","","","","screening only; never an HFR estimator"
"S_DISAGREE","R1","C015","HIGH_FREQUENCY_INTERCEPT","HFR_ESTIMATOR","1.9999999999999969","4.7525426742744206E-16","61","2;3;4;5;6;7;8;9;10;11;12;13;14;15;16;17;18;19;20;21;22;23;24;25;26;27;28;29;30;31;32;33;34;35;36;37;38;39;40;41;42;43;44;45;46;47;48;49;50;51;52;53;54;55;56;57;58;59;60;61;62","0.10000000000000001","1000000","FULL_ARC_CIRCLE_LEFT_REAL_INTERCEPT","9.2796362203710858E-16","PASS","NONE","NONE","PASS","PASS","","tests/fixtures/M03A_2/C015_replicate_disagree_1.csv","","","","","","","","","","","full-arc circle model; complete-semicircle assumption is explicit"
"S_DISAGREE","R2","C016","FIRST_POINT_DIAGNOSTIC","LAB_SCREENING_HEURISTIC","2.1000000031662869","","1","2","1000000","1000000","FIRST_NORMALIZED_POINT","","NOT_ASSESSED","NOT_ASSESSED","NOT_ASSESSED","NOT_APPLICABLE","DIAGNOSTIC_ONLY_NOT_HFR","","tests/fixtures/M03A_2/C016_replicate_disagree_2.csv","","","","","","","","","","","screening only; never an HFR estimator"
"S_DISAGREE","R2","C016","HIGH_FREQUENCY_INTERCEPT","HFR_ESTIMATOR","2.0999999999999996","3.3952094738580476E-16","61","2;3;4;5;6;7;8;9;10;11;12;13;14;15;16;17;18;19;20;21;22;23;24;25;26;27;28;29;30;31;32;33;34;35;36;37;38;39;40;41;42;43;44;45;46;47;48;49;50;51;52;53;54;55;56;57;58;59;60;61;62","0.10000000000000001","1000000","FULL_ARC_CIRCLE_LEFT_REAL_INTERCEPT","6.6293584232087586E-16","PASS","NONE","NONE","PASS","PASS","","tests/fixtures/M03A_2/C016_replicate_disagree_2.csv","","","","","","","","","","","full-arc circle model; complete-semicircle assumption is explicit"
"S_DISAGREE","R3","C017","FIRST_POINT_DIAGNOSTIC","LAB_SCREENING_HEURISTIC","3.0000000031662868","","1","2","1000000","1000000","FIRST_NORMALIZED_POINT","","NOT_ASSESSED","NOT_ASSESSED","NOT_ASSESSED","NOT_APPLICABLE","DIAGNOSTIC_ONLY_NOT_HFR","","tests/fixtures/M03A_2/C017_replicate_disagree_3.csv","","","","","","","","","","","screening only; never an HFR estimator"
"S_DISAGREE","R3","C017","HIGH_FREQUENCY_INTERCEPT","HFR_ESTIMATOR","2.9999999999999956","5.0774677706127235E-16","61","2;3;4;5;6;7;8;9;10;11;12;13;14;15;16;17;18;19;20;21;22;23;24;25;26;27;28;29;30;31;32;33;34;35;36;37;38;39;40;41;42;43;44;45;46;47;48;49;50;51;52;53;54;55;56;57;58;59;60;61;62","0.10000000000000001","1000000","FULL_ARC_CIRCLE_LEFT_REAL_INTERCEPT","9.9140727524636241E-16","PASS","NONE","NONE","PASS","PASS","","tests/fixtures/M03A_2/C017_replicate_disagree_3.csv","","","","","","","","","","","full-arc circle model; complete-semicircle assumption is explicit"
"S_C018","R1","C018","FIRST_POINT_DIAGNOSTIC","LAB_SCREENING_HEURISTIC","0.40000000000000002","","1","2","1000000","1000000","FIRST_NORMALIZED_POINT","","NOT_ASSESSED","NOT_ASSESSED","NOT_ASSESSED","NOT_APPLICABLE","DIAGNOSTIC_ONLY_NOT_HFR","","tests/fixtures/M03A_2/C018_negative_deembedded.csv","","","","","","","","","","","screening only; never an HFR estimator"
"S_C018","R1","C018","HIGH_FREQUENCY_INTERCEPT","HFR_ESTIMATOR","0.40000000000000013","0","41","2;3;4;5;6;7;8;9;10;11;12;13;14;15;16;17;18;19;20;21;22;23;24;25;26;27;28;29;30;31;32;33;34;35;36;37;38;39;40;41;42","0.10000000000000001","1000000","RESISTIVE_LEVEL","0","PASS","NONE","NONE","PASS","PASS","","tests/fixtures/M03A_2/C018_negative_deembedded.csv","","","","","","","","","","","resistive real-axis level"
"S_C019","R1","C019","FIRST_POINT_DIAGNOSTIC","LAB_SCREENING_HEURISTIC","2.0000000031662868","","1","2","1000000","1000000","FIRST_NORMALIZED_POINT","","NOT_ASSESSED","NOT_ASSESSED","NOT_ASSESSED","NOT_APPLICABLE","DIAGNOSTIC_ONLY_NOT_HFR","","tests/fixtures/M03A_2/C019_area_basis_conflict.csv","","","","","","","","","","","screening only; never an HFR estimator"
"S_C019","R1","C019","HIGH_FREQUENCY_INTERCEPT","HFR_ESTIMATOR","1.9999999999999969","4.7525426742744206E-16","61","2;3;4;5;6;7;8;9;10;11;12;13;14;15;16;17;18;19;20;21;22;23;24;25;26;27;28;29;30;31;32;33;34;35;36;37;38;39;40;41;42;43;44;45;46;47;48;49;50;51;52;53;54;55;56;57;58;59;60;61;62","0.10000000000000001","1000000","FULL_ARC_CIRCLE_LEFT_REAL_INTERCEPT","9.2796362203710858E-16","PASS","NONE","NONE","PASS","PASS","","tests/fixtures/M03A_2/C019_area_basis_conflict.csv","","","","","","","","","","","full-arc circle model; complete-semicircle assumption is explicit"
"S_C020","R1","C020","FIRST_POINT_DIAGNOSTIC","LAB_SCREENING_HEURISTIC","2.0000000031662868","","1","2","1000000","1000000","FIRST_NORMALIZED_POINT","","NOT_ASSESSED","NOT_ASSESSED","NOT_ASSESSED","NOT_APPLICABLE","DIAGNOSTIC_ONLY_NOT_HFR","","tests/fixtures/M03A_2/C020_conductivity_conflict.csv","","","","","","","","","","","screening only; never an HFR estimator"
"S_C020","R1","C020","HIGH_FREQUENCY_INTERCEPT","HFR_ESTIMATOR","1.9999999999999969","4.7525426742744206E-16","61","2;3;4;5;6;7;8;9;10;11;12;13;14;15;16;17;18;19;20;21;22;23;24;25;26;27;28;29;30;31;32;33;34;35;36;37;38;39;40;41;42;43;44;45;46;47;48;49;50;51;52;53;54;55;56;57;58;59;60;61;62","0.10000000000000001","1000000","FULL_ARC_CIRCLE_LEFT_REAL_INTERCEPT","9.2796362203710858E-16","PASS","NONE","NONE","PASS","PASS","","tests/fixtures/M03A_2/C020_conductivity_conflict.csv","","","","","","","","","","","full-arc circle model; complete-semicircle assumption is explicit"
"S_C021","R1","C021","FIRST_POINT_DIAGNOSTIC","LAB_SCREENING_HEURISTIC","2.0000000031662868","","1","2","1000000","1000000","FIRST_NORMALIZED_POINT","","NOT_ASSESSED","NOT_ASSESSED","NOT_ASSESSED","NOT_APPLICABLE","DIAGNOSTIC_ONLY_NOT_HFR","","tests/fixtures/M03A_2/C021_failed_distribution.csv","","","","","","","","","","","screening only; never an HFR estimator"
"S_C021","R1","C021","HIGH_FREQUENCY_INTERCEPT","HFR_ESTIMATOR","1.9999999999999969","4.7525426742744206E-16","61","2;3;4;5;6;7;8;9;10;11;12;13;14;15;16;17;18;19;20;21;22;23;24;25;26;27;28;29;30;31;32;33;34;35;36;37;38;39;40;41;42;43;44;45;46;47;48;49;50;51;52;53;54;55;56;57;58;59;60;61;62","0.10000000000000001","1000000","FULL_ARC_CIRCLE_LEFT_REAL_INTERCEPT","9.2796362203710858E-16","PASS","NONE","NONE","PASS","PASS","","tests/fixtures/M03A_2/C021_failed_distribution.csv","","","","","","","","","","","full-arc circle model; complete-semicircle assumption is explicit"
"S_C022","R1","C022","FIRST_POINT_DIAGNOSTIC","LAB_SCREENING_HEURISTIC","2.0000000031662868","","1","2","1000000","1000000","FIRST_NORMALIZED_POINT","","NOT_ASSESSED","NOT_ASSESSED","NOT_ASSESSED","NOT_APPLICABLE","DIAGNOSTIC_ONLY_NOT_HFR","","tests/fixtures/M03A_2/C022_missing_series_component.csv","","","","","","","","","","","screening only; never an HFR estimator"
"S_C022","R1","C022","HIGH_FREQUENCY_INTERCEPT","HFR_ESTIMATOR","1.9999999999999969","4.7525426742744206E-16","61","2;3;4;5;6;7;8;9;10;11;12;13;14;15;16;17;18;19;20;21;22;23;24;25;26;27;28;29;30;31;32;33;34;35;36;37;38;39;40;41;42;43;44;45;46;47;48;49;50;51;52;53;54;55;56;57;58;59;60;61;62","0.10000000000000001","1000000","FULL_ARC_CIRCLE_LEFT_REAL_INTERCEPT","9.2796362203710858E-16","PASS","NONE","NONE","PASS","PASS","","tests/fixtures/M03A_2/C022_missing_series_component.csv","","","","","","","","","","","full-arc circle model; complete-semicircle assumption is explicit"
"EXP_C023","R1","C023","FIRST_POINT_DIAGNOSTIC","LAB_SCREENING_HEURISTIC","","","0","","","","NONE","","NOT_ASSESSED","NOT_ASSESSED","NOT_ASSESSED","NOT_ASSESSED","EXPERIMENTAL_INPUT_INCOMPLETE","missing experimental file or critical provenance","tests/fixtures/M03A_2/C023_deliberately_missing_experimental.csv","","","","","","","","","INCOMPLETE_BY_DESIGN","no file and no critical provenance","case classification is independent of RUN_STATE"
"EXP_C023","R1","C023","HIGH_FREQUENCY_INTERCEPT","HFR_ESTIMATOR","","","0","","","","NONE","","NOT_ASSESSED","NOT_ASSESSED","NOT_ASSESSED","NOT_ASSESSED","EXPERIMENTAL_INPUT_INCOMPLETE","missing experimental file or critical provenance","tests/fixtures/M03A_2/C023_deliberately_missing_experimental.csv","","","","","","","","","INCOMPLETE_BY_DESIGN","no file and no critical provenance","case classification is independent of RUN_STATE"
"S_C024","R1","C024","FIRST_POINT_DIAGNOSTIC","LAB_SCREENING_HEURISTIC","2.0000000031662868","","1","2","1000000","1000000","FIRST_NORMALIZED_POINT","","NOT_ASSESSED","NOT_ASSESSED","NOT_ASSESSED","NOT_APPLICABLE","DIAGNOSTIC_ONLY_NOT_HFR","","tests/fixtures/M03A_2/C024_units_khz_mohm.csv","","","","","","","","","","","screening only; never an HFR estimator"
"S_C024","R1","C024","HIGH_FREQUENCY_INTERCEPT","HFR_ESTIMATOR","1.9999999999999982","2.8488658176821787E-16","61","2;3;4;5;6;7;8;9;10;11;12;13;14;15;16;17;18;19;20;21;22;23;24;25;26;27;28;29;30;31;32;33;34;35;36;37;38;39;40;41;42;43;44;45;46;47;48;49;50;51;52;53;54;55;56;57;58;59;60;61;62","0.10000000000000001","1000000","FULL_ARC_CIRCLE_LEFT_REAL_INTERCEPT","5.5625883323134427E-16","PASS","NONE","NONE","PASS","PASS","","tests/fixtures/M03A_2/C024_units_khz_mohm.csv","","","","","","","","","","","full-arc circle model; complete-semicircle assumption is explicit"
"S_C025","R1","C025","FIRST_POINT_DIAGNOSTIC","LAB_SCREENING_HEURISTIC","2.0000000031662868","","1","2","1000000","1000000","FIRST_NORMALIZED_POINT","","NOT_ASSESSED","NOT_ASSESSED","NOT_ASSESSED","NOT_APPLICABLE","DIAGNOSTIC_ONLY_NOT_HFR","","tests/fixtures/M03A_2/C025_user_defined_ec.csv","","","","","","","","","","","screening only; never an HFR estimator"
"S_C025","R1","C025","USER_DEFINED_EQUIVALENT_CIRCUIT","USER_DEFINED_EQUIVALENT_CIRCUIT","2","0.01","61","2;3;4;5;6;7;8;9;10;11;12;13;14;15;16;17;18;19;20;21;22;23;24;25;26;27;28;29;30;31;32;33;34;35;36;37;38;39;40;41;42;43;44;45;46;47;48;49;50;51;52;53;54;55;56;57;58;59;60;61;62","0.10000000000000001","1000000","DECLARED_SYNTHETIC_RANDLES_RS","0.001","PASS","NONE","NONE","PASS","SUPPORTED_SYNTHETIC_RANDLES_ONLY","","tests/fixtures/M03A_2/C025_user_defined_ec.csv","Rs + (Rct || Cdl)","M03A2_INTERNAL_SYNTHETIC_RANDLES_REGRESSION","tests/fixtures/M03A_2/C025_user_defined_ec.csv","2","0.01","normalized_RMSE","0.001","M03A2_C025_SYNTHETIC_FIT","SUPPORTED_SYNTHETIC_RANDLES_ONLY","contract values are declared not inferred from first point","Rs read from complete declared fit contract; not inferred from first point"
"S_C026","R1","C026","FIRST_POINT_DIAGNOSTIC","LAB_SCREENING_HEURISTIC","0.5","","1","2","1000000","1000000","FIRST_NORMALIZED_POINT","","NOT_ASSESSED","NOT_ASSESSED","NOT_ASSESSED","NOT_APPLICABLE","DIAGNOSTIC_ONLY_NOT_HFR","","tests/fixtures/M03A_2/C026_zero_deembedded.csv","","","","","","","","","","","screening only; never an HFR estimator"
"S_C026","R1","C026","HIGH_FREQUENCY_INTERCEPT","HFR_ESTIMATOR","0.5","0","41","2;3;4;5;6;7;8;9;10;11;12;13;14;15;16;17;18;19;20;21;22;23;24;25;26;27;28;29;30;31;32;33;34;35;36;37;38;39;40;41;42","0.10000000000000001","1000000","RESISTIVE_LEVEL","0","PASS","NONE","NONE","PASS","PASS","","tests/fixtures/M03A_2/C026_zero_deembedded.csv","","","","","","","","","","","resistive real-axis level"
"S_C027","R1","C027","FIRST_POINT_DIAGNOSTIC","LAB_SCREENING_HEURISTIC","2.0000000031662868","","1","33","1000000","1000000","FIRST_NORMALIZED_POINT","","NOT_ASSESSED","NOT_ASSESSED","NOT_ASSESSED","NOT_APPLICABLE","DIAGNOSTIC_ONLY_NOT_HFR","","tests/fixtures/M03A_2/C027_duplicate_unsorted.csv","","","","","","","","","","","screening only; never an HFR estimator"
"S_C027","R1","C027","HIGH_FREQUENCY_INTERCEPT","HFR_ESTIMATOR","1.9999999999999987","3.0522509644723502E-16","62","33;2;34;3;35;4;36;5;37;6;7;38;39;8;40;9;41;10;42;11;43;12;44;13;45;14;46;15;47;16;48;17;49;18;50;19;51;20;52;21;53;22;54;23;55;24;56;25;57;26;58;27;59;28;60;29;61;30;62;31;63;32","0.10000000000000001","1000000","FULL_ARC_CIRCLE_LEFT_REAL_INTERCEPT","6.0083620319288593E-16","PASS","NONE","WARNING_DUPLICATE_FREQUENCY","PASS","WARNING_DUPLICATE_FREQUENCY","","tests/fixtures/M03A_2/C027_duplicate_unsorted.csv","","","","","","","","","","","full-arc circle model; complete-semicircle assumption is explicit"
"S_C028","R1","C028","FIRST_POINT_DIAGNOSTIC","LAB_SCREENING_HEURISTIC","2.0000000031662868","","1","2","1000000","1000000","FIRST_NORMALIZED_POINT","","NOT_ASSESSED","NOT_ASSESSED","NOT_ASSESSED","NOT_APPLICABLE","DIAGNOSTIC_ONLY_NOT_HFR","","tests/fixtures/M03A_2/C028_units_mhz_mohm.csv","","","","","","","","","","","screening only; never an HFR estimator"
"S_C028","R1","C028","HIGH_FREQUENCY_INTERCEPT","HFR_ESTIMATOR","1.9999999999999982","2.8488658176821787E-16","61","2;3;4;5;6;7;8;9;10;11;12;13;14;15;16;17;18;19;20;21;22;23;24;25;26;27;28;29;30;31;32;33;34;35;36;37;38;39;40;41;42;43;44;45;46;47;48;49;50;51;52;53;54;55;56;57;58;59;60;61;62","0.10000000000000001","1000000","FULL_ARC_CIRCLE_LEFT_REAL_INTERCEPT","5.5625883323134427E-16","PASS","NONE","NONE","PASS","PASS","","tests/fixtures/M03A_2/C028_units_mhz_mohm.csv","","","","","","","","","","","full-arc circle model; complete-semicircle assumption is explicit"
"S_C029","R1","C029","FIRST_POINT_DIAGNOSTIC","LAB_SCREENING_HEURISTIC","2.0000000031662868","","1","2","1000000","1000000","FIRST_NORMALIZED_POINT","","NOT_ASSESSED","NOT_ASSESSED","NOT_ASSESSED","NOT_APPLICABLE","DIAGNOSTIC_ONLY_NOT_HFR","","tests/fixtures/M03A_2/C029_units_MHz.csv","","","","","","","","","","","screening only; never an HFR estimator"
"S_C029","R1","C029","HIGH_FREQUENCY_INTERCEPT","HFR_ESTIMATOR","1.9999999999999969","4.7525426742744206E-16","61","2;3;4;5;6;7;8;9;10;11;12;13;14;15;16;17;18;19;20;21;22;23;24;25;26;27;28;29;30;31;32;33;34;35;36;37;38;39;40;41;42;43;44;45;46;47;48;49;50;51;52;53;54;55;56;57;58;59;60;61;62","0.10000000000000001","1000000","FULL_ARC_CIRCLE_LEFT_REAL_INTERCEPT","9.2796362203710858E-16","PASS","NONE","NONE","PASS","PASS","","tests/fixtures/M03A_2/C029_units_MHz.csv","","","","","","","","","","","full-arc circle model; complete-semicircle assumption is explicit"
"S_C030","R1","C030","FIRST_POINT_DIAGNOSTIC","LAB_SCREENING_HEURISTIC","8.3864001727471766","","1","2","1000000","1000000","FIRST_NORMALIZED_POINT","","NOT_ASSESSED","NOT_ASSESSED","NOT_ASSESSED","NOT_APPLICABLE","DIAGNOSTIC_ONLY_NOT_HFR","","tests/fixtures/M03A_2/C030_hf_far_from_real_axis.csv","","","","","","","","","","","screening only; never an HFR estimator"
"S_C030","R1","C030","HIGH_FREQUENCY_INTERCEPT","HFR_ESTIMATOR","","","9","2;3;4;5;6;7;8;9;10","116591.4401179831","1000000","NONE","7.0487178594494819E-14","BLOCKED_INSUFFICIENT_HIGH_FREQUENCY_COVERAGE","NONE","NONE","PASS","BLOCKED_INSUFFICIENT_HIGH_FREQUENCY_COVERAGE","candidate=highest frequency decade; points=9; span=8.5769589859089468; min_abs_Zimag=0.46723723755340724; axis_tolerance=0.19071069424057896; no rows silently deleted","tests/fixtures/M03A_2/C030_hf_far_from_real_axis.csv","","","","","","","","","","","candidate rows are only the declared highest-frequency decade"
"S_C031","R1","C031","FIRST_POINT_DIAGNOSTIC","LAB_SCREENING_HEURISTIC","","","0","","","","NONE","","NOT_ASSESSED","NOT_ASSESSED","NOT_ASSESSED","NOT_ASSESSED","BLOCKED_UNSUPPORTED_IMPEDANCE_UNIT","UNSUPPORTED_IMPEDANCE_UNIT: ambiguous Unicode token 'mΩ'","tests/fixtures/M03A_2/C031_unicode_unit.csv","","","","","","","","","","","input blocked before estimation"
"S_C031","R1","C031","HIGH_FREQUENCY_INTERCEPT","HFR_ESTIMATOR","","","0","","","","NONE","","NOT_ASSESSED","NOT_ASSESSED","NOT_ASSESSED","NOT_ASSESSED","BLOCKED_UNSUPPORTED_IMPEDANCE_UNIT","UNSUPPORTED_IMPEDANCE_UNIT: ambiguous Unicode token 'mΩ'","tests/fixtures/M03A_2/C031_unicode_unit.csv","","","","","","","","","","","input blocked before estimation"
"S_C032","R1","C032","FIRST_POINT_DIAGNOSTIC","LAB_SCREENING_HEURISTIC","2.0000000031662868","","1","2","1000000","1000000","FIRST_NORMALIZED_POINT","","NOT_ASSESSED","NOT_ASSESSED","NOT_ASSESSED","NOT_APPLICABLE","DIAGNOSTIC_ONLY_NOT_HFR","","tests/fixtures/M03A_2/C032_ec_incomplete.csv","","","","","","","","","","","screening only; never an HFR estimator"
"S_C032","R1","C032","USER_DEFINED_EQUIVALENT_CIRCUIT","USER_DEFINED_EQUIVALENT_CIRCUIT","","","0","","","","NONE","","PASS","NONE","NONE","FAILED_FIT_QUALITY","BLOCKED_EQUIVALENT_CIRCUIT_CONTRACT","missing or invalid: equivalent_circuit;fitting_software;fit_file;Rs_ohm;Rs_standard_error_ohm;fit_quality_metric;fit_quality_value;source_reference;status;supported_circuit","tests/fixtures/M03A_2/C032_ec_incomplete.csv","","","","","","","","","","missing circuit fit quality source and Rs","no callback or first-point substitution is permitted"
"S_C033","R1","C033","FIRST_POINT_DIAGNOSTIC","LAB_SCREENING_HEURISTIC","2.0000000031662868","","1","2","1000000","1000000","FIRST_NORMALIZED_POINT","","NOT_ASSESSED","NOT_ASSESSED","NOT_ASSESSED","NOT_APPLICABLE","DIAGNOSTIC_ONLY_NOT_HFR","","tests/fixtures/M03A_2/C023_no_real_data.csv","","","","","","","","","","","screening only; never an HFR estimator"
"S_C033","R1","C033","HIGH_FREQUENCY_INTERCEPT","HFR_ESTIMATOR","1.9999999999999969","4.7525426742744206E-16","61","2;3;4;5;6;7;8;9;10;11;12;13;14;15;16;17;18;19;20;21;22;23;24;25;26;27;28;29;30;31;32;33;34;35;36;37;38;39;40;41;42;43;44;45;46;47;48;49;50;51;52;53;54;55;56;57;58;59;60;61;62","0.10000000000000001","1000000","FULL_ARC_CIRCLE_LEFT_REAL_INTERCEPT","9.2796362203710858E-16","PASS","NONE","NONE","PASS","PASS","","tests/fixtures/M03A_2/C023_no_real_data.csv","","","","","","","","","","","full-arc circle model; complete-semicircle assumption is explicit"
