mesh,metric,value,unit,reference_mesh,reference_value,relative_difference,comparison_method,status,notes
medium,R_ohmic,11.0169921792010,ohm,medium,11.0169921792010,0,BASELINE,accepted medium artifact,ACCEPTED_MEDIUM_IMMUTABLE
coarse,R_ohmic,11.1249027549451,ohm,medium,11.0169921792010,0.00979492169812459,ABS_COARSE_MINUS_MEDIUM_OVER_ABS_MEDIUM,PASS_PREFERRED
medium,mean_cathode_j,10.0071933411891,A/m^2,medium,10.0071933411891,0,BASELINE,accepted medium artifact,ACCEPTED_MEDIUM_IMMUTABLE
coarse,mean_cathode_j,10.0006090898740,A/m^2,medium,10.0071933411891,0.000657951844302856,ABS_COARSE_MINUS_MEDIUM_OVER_ABS_MEDIUM,PASS_PREFERRED
medium,max_cathode_j,17.5829079149677,A/m^2,medium,17.5829079149677,0,BASELINE,accepted medium artifact,ACCEPTED_MEDIUM_IMMUTABLE
coarse,max_cathode_j,17.2685119230720,A/m^2,medium,17.5829079149677,0.0178807733860729,ABS_COARSE_MINUS_MEDIUM_OVER_ABS_MEDIUM,PASS_PREFERRED
medium,cathode_j_CV,0.309354151871061,1,medium,0.309354151871061,0,BASELINE,accepted medium artifact,ACCEPTED_MEDIUM_IMMUTABLE
coarse,cathode_j_CV,0.317204551572458,1,medium,0.309354151871061,0.0253767394228110,ABS_COARSE_MINUS_MEDIUM_OVER_ABS_MEDIUM,PASS_PREFERRED
medium,mean_Li,1693.78637549404,mol/m^3,medium,1693.78637549404,0,BASELINE,accepted medium artifact,ACCEPTED_MEDIUM_IMMUTABLE
coarse,mean_Li,1803.25660103974,mol/m^3,medium,1693.78637549404,0.0646304794568715,ABS_COARSE_MINUS_MEDIUM_OVER_ABS_MEDIUM,PASS_WITH_LIMITATION
medium,Li_CV,0.00991705787228380,1,medium,0.00991705787228380,0,BASELINE,accepted medium artifact,ACCEPTED_MEDIUM_IMMUTABLE
coarse,Li_CV,0.0109148751736240,1,medium,0.00991705787228380,0.100616262826186,ABS_COARSE_MINUS_MEDIUM_OVER_ABS_MEDIUM,BLOCK
medium,Li_equiv_297C_mean_thickness,1.04086058131269e-05,m,medium,1.04086058131269e-05,0,BASELINE,accepted medium artifact,ACCEPTED_MEDIUM_IMMUTABLE
coarse,Li_equiv_297C_mean_thickness,1.04092397907668e-05,m,medium,1.04086058131269e-05,6.09089873572032e-05,ABS_COARSE_MINUS_MEDIUM_OVER_ABS_MEDIUM,PASS_PREFERRED
medium,Li_equiv_297C_thickness_CV,0.309354151871061,1,medium,0.309354151871061,0,BASELINE,accepted medium artifact,ACCEPTED_MEDIUM_IMMUTABLE
coarse,Li_equiv_297C_thickness_CV,0.317204551572458,1,medium,0.309354151871061,0.0253767394228110,ABS_COARSE_MINUS_MEDIUM_OVER_ABS_MEDIUM,PASS_PREFERRED
medium,N2_current_high_high_fraction,0.235159684955379,1,medium,0.235159684955379,0,BASELINE,accepted medium artifact,ACCEPTED_MEDIUM_IMMUTABLE
coarse,N2_current_high_high_fraction,0.236985014479256,1,medium,0.235159684955379,0.00776208525803778,ABS_COARSE_MINUS_MEDIUM_OVER_ABS_MEDIUM,PASS_PREFERRED
medium,colim_CURRENT_RICH_N2_POOR,0.0732517587292097,1,medium,0.0732517587292097,0,BASELINE,accepted medium artifact,ACCEPTED_MEDIUM_IMMUTABLE
coarse,colim_CURRENT_RICH_N2_POOR,0.0768587641743683,1,medium,0.0732517587292097,0.0492412128764393,ABS_COARSE_MINUS_MEDIUM_OVER_ABS_MEDIUM,PASS_PREFERRED
medium,colim_N2_RICH_CURRENT_POOR,0.264833928396548,1,medium,0.264833928396548,0,BASELINE,accepted medium artifact,ACCEPTED_MEDIUM_IMMUTABLE
coarse,colim_N2_RICH_CURRENT_POOR,0.262961008611054,1,medium,0.264833928396548,0.00707205378417254,ABS_COARSE_MINUS_MEDIUM_OVER_ABS_MEDIUM,PASS_PREFERRED
medium,colim_LI_LIMITED,0.0682058220142588,1,medium,0.0682058220142588,0,BASELINE,accepted medium artifact,ACCEPTED_MEDIUM_IMMUTABLE
coarse,colim_LI_LIMITED,0.0680950909287826,1,medium,0.0682058220142588,0.00162348436256751,ABS_COARSE_MINUS_MEDIUM_OVER_ABS_MEDIUM,PASS_PREFERRED
medium,colim_DONOR_LIMITED,0.00000000000000,1,medium,0.00000000000000,0,BASELINE,accepted medium artifact,ACCEPTED_MEDIUM_IMMUTABLE
coarse,colim_DONOR_LIMITED,0.00000000000000,1,medium,0.00000000000000,0.00000000000000,ABSOLUTE_DIFFERENCE_FOR_ZERO_REFERENCE_FRACTION,PASS_PREFERRED
medium,colim_BALANCED,0.166953862941121,1,medium,0.166953862941121,0,BASELINE,accepted medium artifact,ACCEPTED_MEDIUM_IMMUTABLE
coarse,colim_BALANCED,0.168889923550474,1,medium,0.166953862941121,0.0115963810315425,ABS_COARSE_MINUS_MEDIUM_OVER_ABS_MEDIUM,PASS_PREFERRED
medium,colim_MULTI_LIMITED,0.362309178602889,1,medium,0.362309178602889,0,BASELINE,accepted medium artifact,ACCEPTED_MEDIUM_IMMUTABLE
coarse,colim_MULTI_LIMITED,0.361710818897059,1,medium,0.362309178602889,0.00165151682918383,ABS_COARSE_MINUS_MEDIUM_OVER_ABS_MEDIUM,PASS_PREFERRED
medium,colim_MIXED_UNCLASSIFIED,0.0644454493159739,1,medium,0.0644454493159739,0,BASELINE,accepted medium artifact,ACCEPTED_MEDIUM_IMMUTABLE
coarse,colim_MIXED_UNCLASSIFIED,0.0614843938382633,1,medium,0.0644454493159739,0.0459466961459547,ABS_COARSE_MINUS_MEDIUM_OVER_ABS_MEDIUM,PASS_PREFERRED
comparison,MESH_MAX_KEY_DIFFERENCE,0.100616262826186,1,medium,0,0.100616262826186,MAX_NOT_AVERAGE,Li_CV,BLOCK
